[
{
    "model": "auth.user",
    "fields": {
        "password": "pbkdf2_sha256$36000$O3pDBWZit6iy$hl6J4teEBMsxuqVUcInPkQLzKJWZ8a+TJFMz7rWeE1w=",
        "last_login": "2017-11-09T18:19:06.497Z",
        "is_superuser": true,
        "username": "admin",
        "first_name": "",
        "last_name": "",
        "email": "admin@admin.com",
        "is_staff": true,
        "is_active": true,
        "date_joined": "2017-10-20T18:19:01.210Z",
        "groups": [],
        "user_permissions": []
    }
},
{
    "model": "sessions.session",
    "pk": "1wx3mlz9lrfuzzywzq22aigwhhk25tyy",
    "fields": {
        "session_data": "YTcxNTQxMTI4ODUzYzEyOTMwNDc1MjcyZDA1MmI2YWU1YzA5YWMwMjp7Il9hdXRoX3VzZXJfaGFzaCI6IjgyM2M2ZjU5ZDZmMDcyYTZjOGYwMWZlZTdlYWQ0OGFkN2M4ZWQ5NmMiLCJfYXV0aF91c2VyX2lkIjoiMSIsIl9hdXRoX3VzZXJfYmFja2VuZCI6ImRqYW5nby5jb250cmliLmF1dGguYmFja2VuZHMuTW9kZWxCYWNrZW5kIn0=",
        "expire_date": "2017-11-03T18:19:13.440Z"
    }
},
{
    "model": "sessions.session",
    "pk": "t658h5a3eyjp1bli1q0feugh9muue52j",
    "fields": {
        "session_data": "YjA2MGE3ZTlkMWI5YzJiZTJmYjQyMWI0NGI3MmI1MzZhOGQyYWQ2NTp7Il9hdXRoX3VzZXJfaWQiOiIxIiwiX2F1dGhfdXNlcl9oYXNoIjoiODIzYzZmNTlkNmYwNzJhNmM4ZjAxZmVlN2VhZDQ4YWQ3YzhlZDk2YyIsIl9hdXRoX3VzZXJfYmFja2VuZCI6ImRqYW5nby5jb250cmliLmF1dGguYmFja2VuZHMuTW9kZWxCYWNrZW5kIn0=",
        "expire_date": "2017-11-23T18:19:06.643Z"
    }
},
{
    "model": "sessions.session",
    "pk": "xo0nz4koihznuf7szw1u261jec1yx6tz",
    "fields": {
        "session_data": "YjJiMGZlMDcwNjJmOTlhYmZjM2JkN2MwOWNkOGNhY2U2YTM0M2I1Yjp7Il9hdXRoX3VzZXJfaWQiOiIxIiwiX2F1dGhfdXNlcl9iYWNrZW5kIjoiZGphbmdvLmNvbnRyaWIuYXV0aC5iYWNrZW5kcy5Nb2RlbEJhY2tlbmQiLCJfYXV0aF91c2VyX2hhc2giOiI4MjNjNmY1OWQ2ZjA3MmE2YzhmMDFmZWU3ZWFkNDhhZDdjOGVkOTZjIn0=",
        "expire_date": "2017-11-06T17:18:19.505Z"
    }
},
{
    "model": "sites.site",
    "fields": {
        "domain": "example.com",
        "name": "example.com"
    }
},
{
    "model": "cmoapp.account",
    "pk": 1,
    "fields": {
        "login": "Analyst1",
        "password": "Test",
        "type": "Analyst"
    }
},
{
    "model": "cmoapp.account",
    "pk": 2,
    "fields": {
        "login": "Analyst2",
        "password": "Test",
        "type": "Analyst"
    }
},
{
    "model": "cmoapp.account",
    "pk": 3,
    "fields": {
        "login": "Operator",
        "password": "Test",
        "type": "Operator"
    }
},
{
    "model": "cmoapp.account",
    "pk": 4,
    "fields": {
        "login": "Chief",
        "password": "Test",
        "type": "Chief"
    }
},
{
    "model": "cmoapp.account",
    "pk": 5,
    "fields": {
        "login": "Analyst3",
        "password": "password",
        "type": "Analyst"
    }
},
{
    "model": "cmoapp.account",
    "pk": 6,
    "fields": {
        "login": "Analyst4",
        "password": "password",
        "type": "Analyst"
    }
},
{
    "model": "cmoapp.account",
    "pk": 7,
    "fields": {
        "login": "Analyst5",
        "password": "password",
        "type": "Analyst"
    }
},
{
    "model": "cmoapp.crisistype",
    "pk": 1,
    "fields": {
        "name": "Fire"
    }
},
{
    "model": "cmoapp.crisistype",
    "pk": 2,
    "fields": {
        "name": "Bombing"
    }
},
{
    "model": "cmoapp.crisistype",
    "pk": 3,
    "fields": {
        "name": "Riot"
    }
},
{
    "model": "cmoapp.crisis",
    "pk": 1,
    "fields": {
        "crisis_title": "Fire Fire",
        "analyst": 2,
        "status": "Clean-up"
    }
},
{
    "model": "cmoapp.crisis",
    "pk": 2,
    "fields": {
        "crisis_title": "RACE WAR",
        "analyst": 1,
        "status": "Combat"
    }
},
{
    "model": "cmoapp.crisis",
    "pk": 3,
    "fields": {
        "crisis_title": "DUNNO WHY",
        "analyst": 5,
        "status": "Combat"
    }
},
{
    "model": "cmoapp.crisis",
    "pk": 4,
    "fields": {
        "crisis_title": "MAYBE WE NEED SEE WHAT HAPPEN",
        "analyst": null,
        "status": "Combat"
    }
},
{
    "model": "cmoapp.crisis",
    "pk": 5,
    "fields": {
        "crisis_title": "TIME TO MOVE TO MALAYSIA",
        "analyst": 7,
        "status": "Resolved"
    }
},
{
    "model": "cmoapp.crisisreport",
    "pk": 1,
    "fields": {
        "description": "Bombing at Tengah Tengah Toh",
        "datetime": "2017-10-20T18:21:08Z",
        "latitude": "1.43760300",
        "longitude": "103.81754600",
        "radius": 200,
        "crisis": 1,
        "crisisType": 2
    }
},
{
    "model": "cmoapp.crisisreport",
    "pk": 2,
    "fields": {
        "description": "Little India got Riot again",
        "datetime": "2017-10-20T18:22:04Z",
        "latitude": "1.31375000",
        "longitude": "103.84126200",
        "radius": 300,
        "crisis": 1,
        "crisisType": 3
    }
},
{
    "model": "cmoapp.crisisreport",
    "pk": 3,
    "fields": {
        "description": "Seng Kang got fire everytime like this",
        "datetime": "2017-10-20T18:24:02Z",
        "latitude": "1.35375000",
        "longitude": "103.31523000",
        "radius": 300,
        "crisis": null,
        "crisisType": 1
    }
},
{
    "model": "cmoapp.crisisreport",
    "pk": 4,
    "fields": {
        "description": "WOW GANG FIGHT",
        "datetime": "2017-10-20T18:24:02Z",
        "latitude": "1.35275000",
        "longitude": "103.72060000",
        "radius": 1100,
        "crisis": 1,
        "crisisType": 3
    }
},
{
    "model": "cmoapp.crisisreport",
    "pk": 5,
    "fields": {
        "description": "Fight",
        "datetime": "2017-10-20T18:24:02Z",
        "latitude": "1.42212400",
        "longitude": "103.71760400",
        "radius": 100,
        "crisis": 2,
        "crisisType": 3
    }
},
{
    "model": "cmoapp.crisisreport",
    "pk": 6,
    "fields": {
        "description": "fire",
        "datetime": "2017-10-20T18:24:02Z",
        "latitude": "1.37206600",
        "longitude": "103.69093600",
        "radius": 200,
        "crisis": 2,
        "crisisType": 1
    }
},
{
    "model": "cmoapp.crisisreport",
    "pk": 7,
    "fields": {
        "description": "Bombing",
        "datetime": "2017-10-20T18:24:02Z",
        "latitude": "1.37206600",
        "longitude": "103.79360000",
        "radius": 300,
        "crisis": 3,
        "crisisType": 2
    }
},
{
    "model": "cmoapp.crisisreport",
    "pk": 8,
    "fields": {
        "description": "What Another Bomb",
        "datetime": "2017-10-20T18:24:02Z",
        "latitude": "1.32340000",
        "longitude": "103.84126200",
        "radius": 250,
        "crisis": 4,
        "crisisType": 2
    }
},
{
    "model": "cmoapp.crisisreport",
    "pk": 9,
    "fields": {
        "description": "Too many bombs",
        "datetime": "2017-10-20T18:24:02Z",
        "latitude": "1.37870000",
        "longitude": "103.91523000",
        "radius": 550,
        "crisis": 5,
        "crisisType": 2
    }
},
{
    "model": "cmoapp.actionplan",
    "pk": 1,
    "fields": {
        "plan_number": 1,
        "description": "Wing It",
        "status": "PMOApproved",
        "resolution_time": "00:00:00",
        "projected_casualties": 25,
        "type": "Combat",
        "crisis": 1
    }
},
{
    "model": "cmoapp.actionplan",
    "pk": 2,
    "fields": {
        "plan_number": 2,
        "description": "CMI Time to Die",
        "status": "CORequest",
        "resolution_time": "00:00:20",
        "projected_casualties": 1,
        "type": "Combat",
        "crisis": 1
    }
},
{
    "model": "cmoapp.actionplan",
    "pk": 3,
    "fields": {
        "plan_number": 3,
        "description": "OMG DIE AGAIN",
        "status": "CORequest",
        "resolution_time": "00:00:01",
        "projected_casualties": 1,
        "type": "Combat",
        "crisis": 1
    }
},
{
    "model": "cmoapp.actionplan",
    "pk": 4,
    "fields": {
        "plan_number": 4,
        "description": "NABEI FAIL",
        "status": "CORequest",
        "resolution_time": "00:00:01",
        "projected_casualties": 1,
        "type": "Combat",
        "crisis": 1
    }
},
{
    "model": "cmoapp.actionplan",
    "pk": 5,
    "fields": {
        "plan_number": 5,
        "description": "PACK UP GO MALAYSIA",
        "status": "Rejected",
        "resolution_time": "00:00:01",
        "projected_casualties": 1,
        "type": "Combat",
        "crisis": 1
    }
},
{
    "model": "cmoapp.actionplan",
    "pk": 6,
    "fields": {
        "plan_number": 6,
        "description": "PACK UP GO INDONESIA",
        "status": "CORequest",
        "resolution_time": "00:00:01",
        "projected_casualties": 1,
        "type": "Clean-up",
        "crisis": 1
    }
},
{
    "model": "cmoapp.actionplan",
    "pk": 7,
    "fields": {
        "plan_number": 2,
        "description": "Nice LA another One",
        "status": "PMORequest",
        "resolution_time": "00:00:01",
        "projected_casualties": 1,
        "type": "Combat",
        "crisis": 2
    }
},
{
    "model": "cmoapp.actionplan",
    "pk": 8,
    "fields": {
        "plan_number": 3,
        "description": "Hello CO I Love u",
        "status": "PMORequest",
        "resolution_time": "00:00:01",
        "projected_casualties": 1,
        "type": "Combat",
        "crisis": 3
    }
},
{
    "model": "cmoapp.actionplan",
    "pk": 9,
    "fields": {
        "plan_number": 3,
        "description": "Dont sack me plz",
        "status": "PMORequest",
        "resolution_time": "00:00:01",
        "projected_casualties": 1,
        "type": "Clean-up",
        "crisis": 3
    }
},
{
    "model": "cmoapp.actionplan",
    "pk": 10,
    "fields": {
        "plan_number": 2,
        "description": "I hereby fire the CO cause he sucks",
        "status": "PMORequest",
        "resolution_time": "00:00:01",
        "projected_casualties": 1,
        "type": "Clean-up",
        "crisis": 4
    }
},
{
    "model": "cmoapp.actionplan",
    "pk": 11,
    "fields": {
        "plan_number": 2,
        "description": "TEST SOMETHING",
        "status": "CORequest",
        "resolution_time": "20:00:00",
        "projected_casualties": 2,
        "type": "Combat",
        "crisis": 2
    }
},
{
    "model": "cmoapp.actionplan",
    "pk": 12,
    "fields": {
        "plan_number": 7,
        "description": "Test",
        "status": "Planning",
        "resolution_time": "23:00:00",
        "projected_casualties": 25,
        "type": "Combat",
        "crisis": 1
    }
},
{
    "model": "cmoapp.comment",
    "pk": 2,
    "fields": {
        "text": "PINOY LAND SEEMS BETTER",
        "author": "CO",
        "timeCreated": "2017-10-06T17:20:41Z",
        "actionPlan": 1
    }
},
{
    "model": "cmoapp.comment",
    "pk": 5,
    "fields": {
        "text": "KNN GO NOW",
        "author": "CO",
        "timeCreated": "2017-10-04T10:00:00Z",
        "actionPlan": 4
    }
},
{
    "model": "cmoapp.comment",
    "pk": 7,
    "fields": {
        "text": "LEAVE BITCH",
        "author": "PMO",
        "timeCreated": "2017-10-13T13:28:40Z",
        "actionPlan": 5
    }
},
{
    "model": "cmoapp.comment",
    "pk": 14,
    "fields": {
        "text": "Nice reject",
        "author": "CO",
        "timeCreated": "2017-10-30T14:22:45.552Z",
        "actionPlan": 6
    }
},
{
    "model": "cmoapp.force",
    "pk": "Chinese",
    "fields": {
        "currentUtilisation": "30.00"
    }
},
{
    "model": "cmoapp.force",
    "pk": "Eurasian",
    "fields": {
        "currentUtilisation": "40.00"
    }
},
{
    "model": "cmoapp.force",
    "pk": "Indian",
    "fields": {
        "currentUtilisation": "20.00"
    }
},
{
    "model": "cmoapp.force",
    "pk": "Malay",
    "fields": {
        "currentUtilisation": "10.00"
    }
},
{
    "model": "cmoapp.force",
    "pk": "Pinoy",
    "fields": {
        "currentUtilisation": "0.00"
    }
},
{
    "model": "cmoapp.force",
    "pk": "SAF",
    "fields": {
        "currentUtilisation": null
    }
},
{
    "model": "cmoapp.force",
    "pk": "SCDF",
    "fields": {
        "currentUtilisation": null
    }
},
{
    "model": "cmoapp.force",
    "pk": "SPF",
    "fields": {
        "currentUtilisation": null
    }
},
{
    "model": "cmoapp.forcedeployment",
    "pk": 1,
    "fields": {
        "name": "Malay",
        "recommended": "30.00",
        "max": "40.00",
        "actionPlan": 1
    }
},
{
    "model": "cmoapp.forcedeployment",
    "pk": 2,
    "fields": {
        "name": "Eurasian",
        "recommended": "25.00",
        "max": "30.00",
        "actionPlan": 1
    }
},
{
    "model": "cmoapp.forcedeployment",
    "pk": 3,
    "fields": {
        "name": "Indian",
        "recommended": "50.00",
        "max": "70.00",
        "actionPlan": 1
    }
},
{
    "model": "cmoapp.forcedeployment",
    "pk": 4,
    "fields": {
        "name": "Chinese",
        "recommended": "20.00",
        "max": "30.00",
        "actionPlan": 1
    }
},
{
    "model": "cmoapp.forcedeployment",
    "pk": 5,
    "fields": {
        "name": "Pinoy",
        "recommended": "50.00",
        "max": "100.00",
        "actionPlan": 1
    }
},
{
    "model": "cmoapp.efupdate",
    "pk": 1,
    "fields": {
        "datetime": "2017-10-20T18:21:08Z",
        "affectedRadius": "25.00",
        "totalInjured": 12,
        "totalDeaths": 1,
        "duration": "00:00:00.000001",
        "actionPlan": null,
        "crisis": 1,
        "description": "Actually bomb small",
        "type": ""
    }
},
{
    "model": "cmoapp.forceutilization",
    "pk": 1,
    "fields": {
        "name": "Chinese",
        "utilization": "12.30",
        "update": 1
    }
},
{
    "model": "cmoapp.forceutilization",
    "pk": 2,
    "fields": {
        "name": "Eurasian",
        "utilization": "12.60",
        "update": 1
    }
},
{
    "model": "cmoapp.forceutilization",
    "pk": 3,
    "fields": {
        "name": "Malay",
        "utilization": "100.00",
        "update": 1
    }
},
{
    "model": "cmoapp.notifications",
    "pk": 1,
    "fields": {
        "title": "Action Plan Approved",
        "text": "Action Plan is fucking approved for ANALYST1",
        "new": 1,
        "_for": 1,
        "new": true,
        "time_added": "2017-11-08T08:55:20.402Z"
    }
},
{
    "model": "cmoapp.notifications",
    "pk": 2,
    "fields": {
        "title": "Action Plan Rejected",
        "text": "Action Plan is fucking Rejected for ANALYST1",
        "new": 1,
        "_for": 1,
        "new": true,
        "time_added": "2017-11-08T08:52:20.402Z"
    }
},
{
    "model": "cmoapp.notifications",
    "pk": 3,
    "fields": {
        "title": "Booyah",
        "text": "Action Plan is fucking Rejected THANKS for ANALYST1",
        "new": 1,
        "_for": 1,
        "new": true,
        "time_added": "2017-11-08T08:51:20.402Z"
    }
},
    {
    "model": "cmoapp.notifications",
    "pk": 4,
    "fields": {
        "title": "Action Plan Approved",
        "text": "Action Plan is fucking approved for OPERATOR",
        "new": 1,
        "_for": 3,
        "time_added": "2017-11-08 16:55:20.402628"
    }
},
{
    "model": "cmoapp.notifications",
    "pk": 5,
    "fields": {
        "title": "Action Plan Rejected",
        "text": "Action Plan is fucking Rejected for OPERATOR",
        "new": 1,
        "_for": 3,
        "time_added": "2017-11-08 16:52:20.402628"
    }
},
{
    "model": "cmoapp.notifications",
    "pk": 6,
    "fields": {
        "title": "Booyah",
        "text": "Action Plan is fucking Rejected THANKS for OPERATOR",
        "new": 1,
        "_for": 3,
        "time_added": "2017-11-08 16:51:20.402628"
    }
},
    {
    "model": "cmoapp.notifications",
    "pk": 7,
    "fields": {
        "title": "Action Plan Approved",
        "text": "Action Plan is fucking approved for CHIEF",
        "new": 1,
        "_for": 4,
        "time_added": "2017-11-08 16:55:20.402628"
    }
},
{
    "model": "cmoapp.notifications",
    "pk": 8,
    "fields": {
        "title": "Action Plan Rejected",
        "text": "Action Plan is fucking Rejected for CHIEF",
        "new": 1,
        "_for": 4,
        "time_added": "2017-11-08 16:52:20.402628"
    }
},
{
    "model": "cmoapp.notifications",
    "pk": 9,
    "fields": {
        "title": "Booyah",
        "text": "Action Plan is fucking Rejected THANKS for CHIEF",
        "new": 1,
        "_for": 4,
        "time_added": "2017-11-08 16:51:20.402628"
    }
},
    {
    "model": "cmoapp.notifications",
    "pk": 10,
    "fields": {
        "title": "Booyah",
        "text": "Action Plan is fucking Rejected THANKS for CHIEF _ OLD",
        "new": 0,
        "_for": 4,
        "time_added": "2017-11-08 16:51:20.402628"
    }
},
{
    "model": "admin.logentry",
    "pk": 1,
    "fields": {
        "action_time": "2017-10-20T18:19:26.174Z",
        "user": [
            "admin"
        ],
        "content_type": [
            "cmoapp",
            "account"
        ],
        "object_id": "1",
        "object_repr": "Analyst1",
        "action_flag": 1,
        "change_message": "[{\"added\": {}}]"
    }
},
{
    "model": "admin.logentry",
    "pk": 2,
    "fields": {
        "action_time": "2017-10-20T18:19:32.313Z",
        "user": [
            "admin"
        ],
        "content_type": [
            "cmoapp",
            "account"
        ],
        "object_id": "2",
        "object_repr": "Analyst2",
        "action_flag": 1,
        "change_message": "[{\"added\": {}}]"
    }
},
{
    "model": "admin.logentry",
    "pk": 3,
    "fields": {
        "action_time": "2017-10-20T18:19:43.521Z",
        "user": [
            "admin"
        ],
        "content_type": [
            "cmoapp",
            "account"
        ],
        "object_id": "3",
        "object_repr": "Operator",
        "action_flag": 1,
        "change_message": "[{\"added\": {}}]"
    }
},
{
    "model": "admin.logentry",
    "pk": 4,
    "fields": {
        "action_time": "2017-10-20T18:20:10.638Z",
        "user": [
            "admin"
        ],
        "content_type": [
            "cmoapp",
            "account"
        ],
        "object_id": "4",
        "object_repr": "Chief",
        "action_flag": 1,
        "change_message": "[{\"added\": {}}]"
    }
},
{
    "model": "admin.logentry",
    "pk": 5,
    "fields": {
        "action_time": "2017-10-20T18:20:29.820Z",
        "user": [
            "admin"
        ],
        "content_type": [
            "cmoapp",
            "crisis"
        ],
        "object_id": "1",
        "object_repr": "ID: 1 - assigned to: Analyst2",
        "action_flag": 1,
        "change_message": "[{\"added\": {}}]"
    }
},
{
    "model": "admin.logentry",
    "pk": 6,
    "fields": {
        "action_time": "2017-10-20T18:21:28.742Z",
        "user": [
            "admin"
        ],
        "content_type": [
            "cmoapp",
            "crisistype"
        ],
        "object_id": "1",
        "object_repr": "Fire",
        "action_flag": 1,
        "change_message": "[{\"added\": {}}]"
    }
},
{
    "model": "admin.logentry",
    "pk": 7,
    "fields": {
        "action_time": "2017-10-20T18:21:34.846Z",
        "user": [
            "admin"
        ],
        "content_type": [
            "cmoapp",
            "crisistype"
        ],
        "object_id": "2",
        "object_repr": "Bombing",
        "action_flag": 1,
        "change_message": "[{\"added\": {}}]"
    }
},
{
    "model": "admin.logentry",
    "pk": 8,
    "fields": {
        "action_time": "2017-10-20T18:21:37.689Z",
        "user": [
            "admin"
        ],
        "content_type": [
            "cmoapp",
            "crisistype"
        ],
        "object_id": "3",
        "object_repr": "Riot",
        "action_flag": 1,
        "change_message": "[{\"added\": {}}]"
    }
},
{
    "model": "admin.logentry",
    "pk": 9,
    "fields": {
        "action_time": "2017-10-20T18:21:46.957Z",
        "user": [
            "admin"
        ],
        "content_type": [
            "cmoapp",
            "crisisreport"
        ],
        "object_id": "1",
        "object_repr": "ID: 1 - Bombing at Tengah Tengah Toh",
        "action_flag": 1,
        "change_message": "[{\"added\": {}}]"
    }
},
{
    "model": "admin.logentry",
    "pk": 10,
    "fields": {
        "action_time": "2017-10-20T18:23:54.237Z",
        "user": [
            "admin"
        ],
        "content_type": [
            "cmoapp",
            "crisisreport"
        ],
        "object_id": "2",
        "object_repr": "ID: 2 - Little India got Riot again",
        "action_flag": 1,
        "change_message": "[{\"added\": {}}]"
    }
},
{
    "model": "admin.logentry",
    "pk": 11,
    "fields": {
        "action_time": "2017-10-20T18:24:18.960Z",
        "user": [
            "admin"
        ],
        "content_type": [
            "cmoapp",
            "crisisreport"
        ],
        "object_id": "3",
        "object_repr": "ID: 3 - Seng Kang got fire everytime like this",
        "action_flag": 1,
        "change_message": "[{\"added\": {}}]"
    }
},
{
    "model": "admin.logentry",
    "pk": 12,
    "fields": {
        "action_time": "2017-10-23T17:20:42.706Z",
        "user": [
            "admin"
        ],
        "content_type": [
            "cmoapp",
            "comment"
        ],
        "object_id": "2",
        "object_repr": "ID: 2 - Author: CO - Comment: THis is awesome",
        "action_flag": 2,
        "change_message": "[{\"changed\": {\"fields\": [\"text\", \"timeCreated\"]}}]"
    }
},
{
    "model": "admin.logentry",
    "pk": 13,
    "fields": {
        "action_time": "2017-10-23T17:20:48.360Z",
        "user": [
            "admin"
        ],
        "content_type": [
            "cmoapp",
            "comment"
        ],
        "object_id": "2",
        "object_repr": "ID: 2 - Author: CO - Comment: THis is awesome",
        "action_flag": 2,
        "change_message": "[]"
    }
},
{
    "model": "admin.logentry",
    "pk": 14,
    "fields": {
        "action_time": "2017-10-23T17:22:13.625Z",
        "user": [
            "admin"
        ],
        "content_type": [
            "cmoapp",
            "actionplan"
        ],
        "object_id": "2",
        "object_repr": "ID: 2",
        "action_flag": 1,
        "change_message": "[{\"added\": {}}]"
    }
},
{
    "model": "admin.logentry",
    "pk": 15,
    "fields": {
        "action_time": "2017-10-23T17:22:16.445Z",
        "user": [
            "admin"
        ],
        "content_type": [
            "cmoapp",
            "actionplan"
        ],
        "object_id": "2",
        "object_repr": "ID: 2",
        "action_flag": 2,
        "change_message": "[]"
    }
},
{
    "model": "admin.logentry",
    "pk": 16,
    "fields": {
        "action_time": "2017-10-23T17:22:37.608Z",
        "user": [
            "admin"
        ],
        "content_type": [
            "cmoapp",
            "actionplan"
        ],
        "object_id": "3",
        "object_repr": "ID: 3",
        "action_flag": 1,
        "change_message": "[{\"added\": {}}]"
    }
},
{
    "model": "admin.logentry",
    "pk": 17,
    "fields": {
        "action_time": "2017-10-23T17:22:38.446Z",
        "user": [
            "admin"
        ],
        "content_type": [
            "cmoapp",
            "actionplan"
        ],
        "object_id": "3",
        "object_repr": "ID: 3",
        "action_flag": 2,
        "change_message": "[]"
    }
},
{
    "model": "admin.logentry",
    "pk": 18,
    "fields": {
        "action_time": "2017-10-23T17:23:26.320Z",
        "user": [
            "admin"
        ],
        "content_type": [
            "cmoapp",
            "account"
        ],
        "object_id": "5",
        "object_repr": "Analyst3",
        "action_flag": 1,
        "change_message": "[{\"added\": {}}]"
    }
},
{
    "model": "admin.logentry",
    "pk": 19,
    "fields": {
        "action_time": "2017-10-23T17:23:35.345Z",
        "user": [
            "admin"
        ],
        "content_type": [
            "cmoapp",
            "account"
        ],
        "object_id": "6",
        "object_repr": "Analyst4",
        "action_flag": 1,
        "change_message": "[{\"added\": {}}]"
    }
},
{
    "model": "admin.logentry",
    "pk": 20,
    "fields": {
        "action_time": "2017-10-23T17:23:41.781Z",
        "user": [
            "admin"
        ],
        "content_type": [
            "cmoapp",
            "account"
        ],
        "object_id": "7",
        "object_repr": "Analyst5",
        "action_flag": 1,
        "change_message": "[{\"added\": {}}]"
    }
},
{
    "model": "admin.logentry",
    "pk": 21,
    "fields": {
        "action_time": "2017-10-23T17:24:05.889Z",
        "user": [
            "admin"
        ],
        "content_type": [
            "cmoapp",
            "crisis"
        ],
        "object_id": "2",
        "object_repr": "ID: 2 - assigned to: Analyst1",
        "action_flag": 1,
        "change_message": "[{\"added\": {}}]"
    }
},
{
    "model": "admin.logentry",
    "pk": 22,
    "fields": {
        "action_time": "2017-10-23T17:24:21.820Z",
        "user": [
            "admin"
        ],
        "content_type": [
            "cmoapp",
            "crisis"
        ],
        "object_id": "3",
        "object_repr": "ID: 3 - assigned to: Analyst3",
        "action_flag": 1,
        "change_message": "[{\"added\": {}}]"
    }
},
{
    "model": "admin.logentry",
    "pk": 23,
    "fields": {
        "action_time": "2017-10-23T17:24:32.758Z",
        "user": [
            "admin"
        ],
        "content_type": [
            "cmoapp",
            "crisis"
        ],
        "object_id": "4",
        "object_repr": "ID: 4 - assigned to: None",
        "action_flag": 1,
        "change_message": "[{\"added\": {}}]"
    }
},
{
    "model": "admin.logentry",
    "pk": 24,
    "fields": {
        "action_time": "2017-10-23T17:24:40.468Z",
        "user": [
            "admin"
        ],
        "content_type": [
            "cmoapp",
            "crisis"
        ],
        "object_id": "5",
        "object_repr": "ID: 5 - assigned to: Analyst5",
        "action_flag": 1,
        "change_message": "[{\"added\": {}}]"
    }
},
{
    "model": "admin.logentry",
    "pk": 25,
    "fields": {
        "action_time": "2017-10-23T17:24:42.832Z",
        "user": [
            "admin"
        ],
        "content_type": [
            "cmoapp",
            "crisis"
        ],
        "object_id": "5",
        "object_repr": "ID: 5 - assigned to: Analyst5",
        "action_flag": 2,
        "change_message": "[]"
    }
},
{
    "model": "admin.logentry",
    "pk": 26,
    "fields": {
        "action_time": "2017-10-23T17:26:03.367Z",
        "user": [
            "admin"
        ],
        "content_type": [
            "cmoapp",
            "crisisreport"
        ],
        "object_id": "4",
        "object_repr": "ID: 4 - WOW GANG FIGHT",
        "action_flag": 1,
        "change_message": "[{\"added\": {}}]"
    }
},
{
    "model": "admin.logentry",
    "pk": 27,
    "fields": {
        "action_time": "2017-10-23T17:26:47.794Z",
        "user": [
            "admin"
        ],
        "content_type": [
            "cmoapp",
            "actionplan"
        ],
        "object_id": "4",
        "object_repr": "ID: 4",
        "action_flag": 1,
        "change_message": "[{\"added\": {}}]"
    }
},
{
    "model": "admin.logentry",
    "pk": 28,
    "fields": {
        "action_time": "2017-10-23T17:27:11.290Z",
        "user": [
            "admin"
        ],
        "content_type": [
            "cmoapp",
            "actionplan"
        ],
        "object_id": "5",
        "object_repr": "ID: 5",
        "action_flag": 1,
        "change_message": "[{\"added\": {}}]"
    }
},
{
    "model": "admin.logentry",
    "pk": 29,
    "fields": {
        "action_time": "2017-10-23T17:27:28.031Z",
        "user": [
            "admin"
        ],
        "content_type": [
            "cmoapp",
            "actionplan"
        ],
        "object_id": "6",
        "object_repr": "ID: 6",
        "action_flag": 1,
        "change_message": "[{\"added\": {}}]"
    }
},
{
    "model": "admin.logentry",
    "pk": 30,
    "fields": {
        "action_time": "2017-10-23T17:27:49.126Z",
        "user": [
            "admin"
        ],
        "content_type": [
            "cmoapp",
            "comment"
        ],
        "object_id": "3",
        "object_repr": "ID: 3 - Author: CO - Comment: REALLY",
        "action_flag": 1,
        "change_message": "[{\"added\": {}}]"
    }
},
{
    "model": "admin.logentry",
    "pk": 31,
    "fields": {
        "action_time": "2017-10-23T17:28:03.976Z",
        "user": [
            "admin"
        ],
        "content_type": [
            "cmoapp",
            "comment"
        ],
        "object_id": "4",
        "object_repr": "ID: 4 - Author: PMO - Comment: NICE GO",
        "action_flag": 1,
        "change_message": "[{\"added\": {}}]"
    }
},
{
    "model": "admin.logentry",
    "pk": 32,
    "fields": {
        "action_time": "2017-10-23T17:28:25.068Z",
        "user": [
            "admin"
        ],
        "content_type": [
            "cmoapp",
            "comment"
        ],
        "object_id": "5",
        "object_repr": "ID: 5 - Author: CO - Comment: KNN GO NOW",
        "action_flag": 1,
        "change_message": "[{\"added\": {}}]"
    }
},
{
    "model": "admin.logentry",
    "pk": 33,
    "fields": {
        "action_time": "2017-10-23T17:28:40.950Z",
        "user": [
            "admin"
        ],
        "content_type": [
            "cmoapp",
            "comment"
        ],
        "object_id": "6",
        "object_repr": "ID: 6 - Author: CO - Comment: PLZ LEAVE",
        "action_flag": 1,
        "change_message": "[{\"added\": {}}]"
    }
},
{
    "model": "admin.logentry",
    "pk": 34,
    "fields": {
        "action_time": "2017-10-23T17:29:01.178Z",
        "user": [
            "admin"
        ],
        "content_type": [
            "cmoapp",
            "comment"
        ],
        "object_id": "7",
        "object_repr": "ID: 7 - Author: PMO - Comment: LEAVE BITCH",
        "action_flag": 1,
        "change_message": "[{\"added\": {}}]"
    }
},
{
    "model": "admin.logentry",
    "pk": 35,
    "fields": {
        "action_time": "2017-11-09T18:26:17.550Z",
        "user": [
            "admin"
        ],
        "content_type": [
            "cmoapp",
            "actionplan"
        ],
        "object_id": "3",
        "object_repr": "ID: 3 | Internal Plan Number: 7 | Type: Combat | Status: Awaiting CO Approval | Abridged Description: OMG DIE AGAIN ",
        "action_flag": 2,
        "change_message": "[{\"changed\": {\"fields\": [\"status\"]}}]"
    }
},
{
    "model": "admin.logentry",
    "pk": 36,
    "fields": {
        "action_time": "2017-11-09T18:26:58.011Z",
        "user": [
            "admin"
        ],
        "content_type": [
            "cmoapp",
            "actionplan"
        ],
        "object_id": "11",
        "object_repr": "ID: 11 | Internal Plan Number: 2 | Type: Combat | Status: Awaiting CO Approval | Abridged Description: TEST SOMETHING ",
        "action_flag": 1,
        "change_message": "[{\"added\": {}}]"
    }
},
{
    "model": "admin.logentry",
    "pk": 37,
    "fields": {
        "action_time": "2017-11-09T18:36:02.674Z",
        "user": [
            "admin"
        ],
        "content_type": [
            "cmoapp",
            "actionplan"
        ],
        "object_id": "4",
        "object_repr": "ID: 4 | Internal Plan Number: 7 | Type: Combat | Status: Awaiting CO Approval | Abridged Description: NABEI FAIL ",
        "action_flag": 2,
        "change_message": "[{\"changed\": {\"fields\": [\"status\"]}}]"
    }
},
{
    "model": "admin.logentry",
    "pk": 38,
    "fields": {
        "action_time": "2017-11-09T19:19:22.535Z",
        "user": [
            "admin"
        ],
        "content_type": [
            "cmoapp",
            "actionplan"
        ],
        "object_id": "3",
        "object_repr": "ID: 3 | Internal Plan Number: 7 | Type: Combat | Status: Awaiting CO Approval | Crisis ID: 1 | Abridged Description: OMG DIE AGAIN ",
        "action_flag": 2,
        "change_message": "[]"
    }
},
{
    "model": "admin.logentry",
    "pk": 39,
    "fields": {
        "action_time": "2017-11-10T05:42:42.252Z",
        "user": [
            "admin"
        ],
        "content_type": [
            "cmoapp",
            "actionplan"
        ],
        "object_id": "2",
        "object_repr": "ID: 2 | Internal Plan Number: 7 | Type: Combat | Status: Awaiting CO Approval | Crisis ID: 1 | Abridged Description: CMI Time to Die ",
        "action_flag": 2,
        "change_message": "[{\"changed\": {\"fields\": [\"status\"]}}]"
    }
},
{
    "model": "admin.logentry",
    "pk": 40,
    "fields": {
        "action_time": "2017-11-10T05:44:32.450Z",
        "user": [
            "admin"
        ],
        "content_type": [
            "cmoapp",
            "actionplan"
        ],
        "object_id": "6",
        "object_repr": "ID: 6 | Internal Plan Number: 7 | Type: Clean-up | Status: Awaiting CO Approval | Crisis ID: 1 | Abridged Description: PACK UP GO INDONESIA ",
        "action_flag": 2,
        "change_message": "[{\"changed\": {\"fields\": [\"status\"]}}]"
    }
},
{
    "model": "admin.logentry",
    "pk": 41,
    "fields": {
        "action_time": "2017-11-10T05:45:38.574Z",
        "user": [
            "admin"
        ],
        "content_type": [
            "cmoapp",
            "actionplan"
        ],
        "object_id": "12",
        "object_repr": "ID: 12 | Internal Plan Number: 7 | Type: Combat | Status: Awaiting PMO Approval | Crisis ID: 1 | Abridged Description: Test ",
        "action_flag": 1,
        "change_message": "[{\"added\": {}}]"
    }
},
{
    "model": "admin.logentry",
    "pk": 42,
    "fields": {
        "action_time": "2017-11-10T05:45:53.994Z",
        "user": [
            "admin"
        ],
        "content_type": [
            "cmoapp",
            "actionplan"
        ],
        "object_id": "12",
        "object_repr": "ID: 12 | Internal Plan Number: 8 | Type: Combat | Status: Planning | Crisis ID: 1 | Abridged Description: Test ",
        "action_flag": 2,
        "change_message": "[{\"changed\": {\"fields\": [\"status\"]}}]"
    }
},
{
    "model": "admin.logentry",
    "pk": 43,
    "fields": {
        "action_time": "2017-11-10T05:51:03.522Z",
        "user": [
            "admin"
        ],
        "content_type": [
            "cmoapp",
            "actionplan"
        ],
        "object_id": "12",
        "object_repr": "ID: 12 | Internal Plan Number: 7 | Type: Combat | Status: Planning | Crisis ID: 1 | Abridged Description: Test ",
        "action_flag": 2,
        "change_message": "[]"
    }
},
{
    "model": "admin.logentry",
    "pk": 44,
    "fields": {
        "action_time": "2017-11-10T06:37:32.760Z",
        "user": [
            "admin"
        ],
        "content_type": [
            "cmoapp",
            "forceutilization"
        ],
        "object_id": "1",
        "object_repr": "Chinese",
        "action_flag": 1,
        "change_message": "[{\"added\": {}}]"
    }
},
{
    "model": "admin.logentry",
    "pk": 45,
    "fields": {
        "action_time": "2017-11-10T06:37:41.437Z",
        "user": [
            "admin"
        ],
        "content_type": [
            "cmoapp",
            "forceutilization"
        ],
        "object_id": "2",
        "object_repr": "Eurasian",
        "action_flag": 1,
        "change_message": "[{\"added\": {}}]"
    }
},
{
    "model": "admin.logentry",
    "pk": 46,
    "fields": {
        "action_time": "2017-11-10T06:37:52.244Z",
        "user": [
            "admin"
        ],
        "content_type": [
            "cmoapp",
            "forceutilization"
        ],
        "object_id": "3",
        "object_repr": "Malay",
        "action_flag": 1,
        "change_message": "[{\"added\": {}}]"
    }
},
{
    "model": "admin.logentry",
    "pk": 47,
    "fields": {
        "action_time": "2017-11-10T07:00:56.092Z",
        "user": [
            "admin"
        ],
        "content_type": [
            "cmoapp",
            "force"
        ],
        "object_id": "SCDF",
        "object_repr": "SCDF",
        "action_flag": 1,
        "change_message": "[{\"added\": {}}]"
    }
},
{
    "model": "admin.logentry",
    "pk": 48,
    "fields": {
        "action_time": "2017-11-10T07:00:59.841Z",
        "user": [
            "admin"
        ],
        "content_type": [
            "cmoapp",
            "force"
        ],
        "object_id": "SAF",
        "object_repr": "SAF",
        "action_flag": 1,
        "change_message": "[{\"added\": {}}]"
    }
},
{
    "model": "admin.logentry",
    "pk": 49,
    "fields": {
        "action_time": "2017-11-10T07:01:06.474Z",
        "user": [
            "admin"
        ],
        "content_type": [
            "cmoapp",
            "force"
        ],
        "object_id": "SPF",
        "object_repr": "SPF",
        "action_flag": 1,
        "change_message": "[{\"added\": {}}]"
    }
},
{
    "model": "admin.logentry",
    "pk": 50,
    "fields": {
        "action_time": "2017-11-10T07:13:20.853Z",
        "user": [
            "admin"
        ],
        "content_type": [
            "cmoapp",
            "forceutilization"
        ],
        "object_id": "3",
        "object_repr": "Malay",
        "action_flag": 2,
        "change_message": "[]"
    }
}
]
